{
  "project_info": {
    "project_number": "309489931589",
    "firebase_url": "https://carcompanion-9f757.firebaseio.com",
    "project_id": "carcompanion-9f757",
    "storage_bucket": "carcompanion-9f757.appspot.com"
  },
  "client": [
    {
      "client_info": {
        "mobilesdk_app_id": "1:309489931589:android:9a89d0bc730fccb7",
        "android_client_info": {
          "package_name": "com.carcompanion.android"
        }
      },
      "oauth_client": [
        {
          "client_id": "309489931589-m30801kb2cifiu89d4ce71kgkjoj1oht.apps.googleusercontent.com",
          "client_type": 3
        }
      ],
      "api_key": [
        {
          "current_key": "AIzaSyCzHpUXrnx6rqG-wRHV3zc_6vzW7GYAUNs"
        }
      ],
      "services": {
        "analytics_service": {
          "status": 1
        },
        "appinvite_service": {
          "status": 1,
          "other_platform_oauth_client": []
        },
        "ads_service": {
          "status": 2
        }
      }
    },
    {
      "client_info": {
        "mobilesdk_app_id": "1:309489931589:android:1772235b3109aac3",
        "android_client_info": {
          "package_name": "org.nativescript.CarComopanion"
        }
      },
      "oauth_client": [
        {
          "client_id": "309489931589-m30801kb2cifiu89d4ce71kgkjoj1oht.apps.googleusercontent.com",
          "client_type": 3
        }
      ],
      "api_key": [
        {
          "current_key": "AIzaSyCzHpUXrnx6rqG-wRHV3zc_6vzW7GYAUNs"
        }
      ],
      "services": {
        "analytics_service": {
          "status": 1
        },
        "appinvite_service": {
          "status": 1,
          "other_platform_oauth_client": []
        },
        "ads_service": {
          "status": 2
        }
      }
    }
  ],
  "configuration_version": "1"
}